39;pb2_re34_fla.intro_glow2_12
31;pb2_re34_fla.intro_specular_9
24;pb2_re34_fla.intro_glow_6
0;pb2_re34_fla.MainTimeline
2360;pb2_re34_fla.curr_36
2344;pb2_re34_fla.levelup_34
2319;pb2_re34_fla.Symbol89copy_21
2304;quick_pick_item
2296;camp_slot
2289;gun_rifle
2287;shop_tit
2281;buy_line
2277;mp_room_list
2271;mp_room_list2
2242;hero_list
2214;achive_item
2201;gun_apistol
2198;gun_arifle
2196;gun_arifle2
2194;altblood
2191;bar_orange
2189;bar_blue
2187;bar_red
2180;gun_bfg
2174;block
2172;door
2171;eff_blood_sprite
2167;eff_blood
2157;eff_metal
2151;boom5_revolver
2149;veh_capsule
2144;eff_cinetic
2140;veh_corvette
2135;darkstar_1_alien_rail_sg
2131;darkstar_1_assault_rifle
2125;darkstar_1_auto_sg
2090;darkstar_1_bison
2062;darkstar_1_cs_ragequit
2060;darkstar_1_gauss_rifle
2056;darkstar_1_minigun
2042;darkstar_1_nade_c9
2040;darkstar_1_nade_c9b
2037;darkstar_1_owo_rl
2034;darkstar_1_phanx_rifle
2032;darkstar_1_railgun
2030;darkstar_1_railgun2
2027;darkstar_1_rl
2025;darkstar_1_usniper
2020;decor
1915;pb2_re34_fla.Symbol72_255
1888;ag_rays
1885;ag_rays2
1880;gun_defibrillator
1875;ditzy_cs_ik
1873;ditzy_cs_ik2
1871;thetoppestkek_shotgun_nxs25
1865;ditzy_energy_rifle
1860;ditzy_focus_beam
1854;veh_drone
1849;explosion_bfg
1846;explosion_fire
1844;explosion_plasma
1841;lazer
1826;pb2_re34_fla.Symbol58copy_295
1772;eff_shieldy
1767;explosion_plasma_bar
1765;pb2_re34_fla.explosion_282
1712;explosion_underwater
1708;eff_firespark
1704;flake
1700;gun_fttp_vehgun
1695;item_grenade
1692;item_grenade_port
1690;item_grenade_shield
1689;gun_gl
1687;gun_oicw
1683;veh_hh
1680;incompetence_archetype_27xx
1675;roxxar_shotgun
1673;incompetence_cr30
1671;incompetence_glhf
1669;incompetence_glhf2
1667;gun_invisgun
1666;eff_bubble
1664;eff_iskra
1650;veh_jeep
1641;lazyrain_acid_gl
1639;lazyrain_alien_laser_rifle
1634;lazyrain_alien_laser_rifle2
1628;lazyrain_cannon
1626;lazyrain_cannon2
1621;lazyrain_gravy_rl
1619;lazyrain_gravy_rl2
1616;lazyrain_heal_pistol
1614;lazyrain_plasma_smg
1612;lazyrain_plasma_smg2
1608;lazyrain_psi_cutter
1604;lens_flare
1585;lostmydollar_av135
1577;lostmydollar_needle
1572;lostmydollar_qccv50
1565;lostmydollar_rmk36
1561;lostmydollar_rpg
1555;gun_m4a1
1549;m4a1_real
1545;gun_vehminigl
1543;gun_vehminigun
1541;moonhawk_crossfire
1536;moonhawk_phantom
1534;moonhawk_phantom2
1531;moonhawk_railgun
1529;moonhawk_railgun2
1524;moonhawk_smg
1516;mrjaksnes_android_sniper
1508;phsc_android_shotgun
1504;phsc_aug
1499;phsc_ph01
1497;phsc_ph01b
1490;phsc_plasma_shotgun
1484;gun_pistol
1481;gun_pistol2
1476;gun_pistol3
1472;gun_pistol_b
1468;gun_pixel_rifle
1464;gun_pixel_rl
1459;gun_plasmacannon
1455;gun_plasmagun
1451;player
1450;pb2_re34_fla.gui_379
709;rail
705;rail_target
701;rail2
697;rail3
694;rail4
690;rail5
685;rail6
682;gun_railgun
677;gun_railgun2
674;gun_rayrifle
670;gun_real_shotgun
667;gun_real_rifle
663;gun_rifle_b
659;gun_vehgun
653;gun_rl
649;gun_rl0
644;veh_rope
640;roxxar_android_railgun
638;roxxar_marksman_rifle
633;roxxar_pistol
629;roxxar_rifle
625;server_list_item
616;gun_sharkgun
613;gun_shotgun
610;gun_shotgun_b
606;gun_sniper
598;gun_sp_sh
596;eff_splash
593;texture_wall0
592;panel_tile
591;texture_floor0
590;panel_top
589;texture_ceil0
588;panel_bottom
587;veh_crate
581;switchh
580;switchh_blue
579;switchh_red
575;pb2_re34_fla.Symbol64_418
572;eff_teleport
558;eff_text_message
552;texture_dummy
551;texture_front0
550;thetoppestkek_scavenger_sg
546;gun_vehcannon
540;gun_vgun
532;veh_walker
513;water
510;eff_wood_debris
502;asphalt
501;pixel_bg
500;blue
499;panel4_tile
498;dark_panel_clean
497;dark_panel_clean_low
496;pixel_open_door
495;grass2
494;grass2a
493;grass2b
492;grass3
491;grass3a
490;grass3b
489;panel_top2
488;panel_top2a
487;panel_top2b
486;green
485;ground_tile
484;indrustrial_bottom_left
483;indrustrial_bottom_right
482;indrustrial_left
481;indrustrial_right
480;industrial
479;light_panel
478;light_panel_clean
477;light_panel_clean_low
476;light_panel_low
475;lite_shadow
474;mud
473;panel2_bottom
472;panel2_tile
471;panel2_top
470;panel3_tile
469;panel4_bottom
468;panel4_top
467;panel_bottom_left
466;panel_bottom_right
465;panel_top_left
464;panel_top_right
463;pbfttp_concrete
462;pbfttp_corner_left
461;pbfttp_corner_right
460;panel5_tile
459;panel6_tile
458;panel7_tile
457;red
456;rocks
455;panel8_tile
454;panel_top3
453;slider_tile
452;stone_bricks
451;usurper2_bottom
450;usurper2_ceiling
449;usurper_bottom
448;usurper_bottom_left
447;usurper_bottom_right
446;usurper_floor
445;usurper_top_left
444;usurper_top_right
443;pixel_wall
442;wet_sand
441;white
440;white_concrete
439;white_concrete_bottom_left
438;white_concrete_bottom_right
437;white_concrete_top_left
436;white_concrete_top_right
435;white_concrete_underside
434;wood_tex
433;am_base
432;am_wind
431;android2_die
430;android2_hurt
429;android2_welcome2
428;android_die
427;android_die_1
426;android_enemy_down1
425;android_hurt
424;android_miner_die
423;android_miner_enemy_down
422;android_miner_hurt
421;android_miner_welcome2
420;android_welcome
419;android_welcome1
418;android_welcome2
417;android_welcome3
416;badge_earned
415;barrel
414;barrel2
413;beam1
412;beam1_recharge
411;beam1_rechargeB
410;beam5
409;beam5_recharge
408;beam5_rechargeB
407;explode_bfg
406;sou_blade_swing1
405;sou_blade_swing2
404;sou_blade_swing3
403;blood_body
402;blood_body2
401;blood_head
400;blood_head2
399;blood_hit
398;blood_hit_sword
397;blood_leg_arm
396;body_fall
395;body0
394;body1
393;body2
392;body3
391;bounce_bullet
390;box_die
389;box_hor
388;box_ver1
387;box_ver2
386;box_ver3
385;capsule_hit1
384;capsule_hit2
383;charged_explosion
382;chat
381;civilian_male_celebrate1
380;civilian_male_celebrate2
379;civilian_male_death1
378;civilian_male_death2
377;civilian_male_dying1
376;civilian_male_dying2
375;civilian_male_hurt1
374;civilian_male_hurt2
373;civilian_male_hurt3
372;civilian_male_hurt4
371;civilian_male_welcome1
370;civilian_male_welcome2
369;civilian_male_welcome3
368;coolbuddy2
367;corvett_die
366;crossfire_sentinel_celebrate1
365;crossfire_sentinel_celebrate2
364;crossfire_sentinel_death1
363;crossfire_sentinel_death2
362;crossfire_sentinel_death3
361;crossfire_sentinel_dying
360;crossfire_sentinel_hurt1
359;crossfire_sentinel_hurt2
358;crossfire_sentinel_hurt3
357;crossfire_sentinel_welcome1
356;crossfire_sentinel_welcome2
355;crossfire_sentinel_welcome3
354;dart4
353;wea_ditzy_cs_ik
352;wea_ditzy_cs_ik2
351;drone_die
350;drone_hurt
349;enemy_alert
348;enemy_die1
347;enemy_die_1
346;enemy_die_2
345;enemy_die_3
344;enemy_die_4
343;enemy_hurt1
342;enemy_hurt_1
341;enemy_hurt_2
340;enemy_hurt_3
339;exp_event_stop
338;exp_level
337;exp_tick
336;explode1
335;explode2
334;explode_underwater
333;f_death1
332;f_death2
331;f_death3
330;f_pain2
329;f_pain3
328;f_pain4
327;f_welcome1
326;fail_shot
325;fp_death1
324;fp_death2
323;fp_death3
322;fp_pain2
321;fp_pain3
320;fp_pain4
319;fp_welcome1
318;g_death1
317;g_death2
316;g_death3
315;g_pain1
314;g_pain2
313;g_pain3
312;g_welcome1
311;glass1
310;glass2
309;gravitator2
308;grenade
307;grenade_act
306;wea_gl
305;grenade_wet
304;s_gun_rayrifle
303;helm_proxy_alert_over_hereB
302;helm_proxy_alert_take_coverB
301;helm_proxy_alert_up_thereA
300;helm_proxy_death3
299;helm_proxy_death4
298;helm_proxy_death5
297;helm_proxy_death6
296;helm_proxy_dyingC
295;helm_proxy_dyingF
294;helm_proxy_enemy_down_fantasticA
293;helm_proxy_enemy_down_got_oneD
292;helm_proxy_enemy_down_niceA
291;helm_proxy_enemy_down_niceC
290;helm_proxy_hurt11
289;helm_proxy_hurt12
288;helm_proxy_hurt13
287;helm_proxy_hurt14
286;helm_proxy_hurt15
285;helm_proxy_hurt17
284;helm_proxy_hurt4
283;helm_proxy_hurt5
282;helm_proxy_hurt8
281;helm_proxy_hurt9
280;hero_death1
279;hero_death2
278;hero_pain1
277;hero_pain2
276;hero_pain3
275;hero_pain4
274;hero_welcome1
273;hero_welcome2
272;hero_welcome3
271;hexagon_death1
270;hexagon_death2
269;hexagon_pain1
268;hexagon_pain2
267;hexagon_pain4
266;hexagon_pain3
265;hexagon_welcome1
264;hexagon_welcome2
263;hexagon_welcome3
262;hint_appear
261;hint_disappear
260;hit_dmg
259;hit_dmg2
258;hit_dmg3
257;hit_frag
256;s_info
255;s_info_act
254;s_info_off
253;gameplay_song
252;last_teleport
251;marine_alert
250;marine_alert2
249;marine_alert3
248;marine_alert4
247;marine_death1
246;marine_death2
245;marine_death3
244;marine_dying
243;marine_hurt1
242;marine_hurt2
241;marine_hurt3
240;metal_gib
239;metal_hit
238;metal_hor
237;metal_ver1
236;metal_ver2
235;metal_ver3
234;mission_done
233;wea_moonhawk_smg2
232;nade_throw
231;noir_die
230;noir_hurt1
229;noir_hurt2
228;main_song
227;plasma_explosion
226;portnade_act2
225;portnade_explode
224;proxy_alert_over_hereB
223;proxy_alert_take_coverB
222;proxy_alert_up_thereA
221;proxy_death3
220;proxy_death4
219;proxy_death5
218;proxy_death6
217;proxy_dyingC
216;proxy_dyingF
215;proxy_enemy_down_fantasticA
214;proxy_enemy_down_got_oneD
213;proxy_enemy_down_niceA
212;proxy_enemy_down_niceC
211;proxy_hurt11
210;proxy_hurt12
209;proxy_hurt13
208;proxy_hurt14
207;proxy_hurt15
206;proxy_hurt17
205;proxy_hurt4
204;proxy_hurt5
203;proxy_hurt8
202;proxy_hurt9
201;wea_railgun
200;reakhohsha_death3
199;reakhohsha_hurt1
198;reakhohsha_hurt2
197;reakhohsha_hurt3
196;reakhohsha_welcome1
195;reakhohsha_welcome2
194;rl_reload
193;robo_bug_hit
192;robo_bug_jump
191;robo_bug_launch
190;robo_step1
189;robo_step2
188;robo_step3
187;robo_step4
186;wea_rocket_launch
185;reload
184;sd_death
183;sd_hurt1
182;sd_hurt2
181;sd_welcome2
180;ship_explosion
179;ship_incoming
178;shnade_act
177;shnade_explode
176;shnade_hit
175;shnade_hit_low
174;shnade_offline
173;silenced
172;silk_alert_contactA
171;silk_alert_i_see_oneA
170;silk_alert_there_is_oneA
169;silk_death1B
168;silk_death2B
167;silk_dyingB
166;silk_enemy_down_brilliantC
165;silk_enemy_down_eliminatedB
164;silk_enemy_down_hell_yeahB
163;silk_enemy_down_ive_got_oneB
162;silk_enemy_down_minus_oneB
161;silk_enemy_down_no_kicking_for_youB
160;silk_hurt1B
159;silk_hurt2B
158;silk_hurt5
157;silk_hurt6
156;silk_hurt9B
155;slicer_alert
154;slicer_die
153;slow_down
152;slow_up
151;steel_hard
150;steel_hor
149;steel_low
148;steel_med
147;step1
146;step2
145;step3
144;step4
143;t_door1_start
142;t_door1_stop
141;t_switch1
140;t_switch2
139;t_switch_denied
138;team_switch
137;teleport_spawn
136;test_sound
135;usurpation_alert
134;usurpation_death2
133;usurpation_death3
132;usurpation_dying
131;usurpation_hurt
130;wea_vehcannon
129;vulture_celebrate1
128;vulture_celebrate2
127;vulture_celebrate3
126;vulture_death1
125;vulture_death2
124;vulture_dying
123;vulture_hurt1
122;vulture_hurt2
121;vulture_hurt3
120;vulture_hurt4
119;vulture_welcome1
118;vulture_welcome2
117;vulture_welcome3
116;walker_die
115;walker_phase1
114;walker_phase2
113;walker_step
112;water_splash1
111;water_splash2
110;water_splash3
109;wea1
108;wea2
107;wea_acid_gl3
106;wea_alien_rail_sg
105;wea_android_railgun
104;wea_android_shotgun
103;wea_android_sniper
102;wea_apistol
101;wea_auto_sg2
100;wea_bison
99;wea_crossfire2
98;wea_darkstar_rl3
97;wea_defibrillator
96;wea_ditzy_energy_rifle
95;wea_energy
94;wea_evil_shot
93;wea_glhf
92;wea_impulse
91;wea_incompetence_archetype_27xx_fire
90;wea_lazyrain_gravy_rl
89;wea_lmg
88;wea_m202
87;wea_mingun
86;wea_mingun2
85;wea_moonhawk_railgun
84;wea_plasmagun
83;wea_ph01
82;wea_phanx
81;wea_pistol
80;wea_pistol2
79;wea_plasma_shotgun
78;wea_plasma_smg
77;wea_rail_alt
76;wea_rail_alt2
75;wea_rail_toxic2
74;wea_real_rifle
73;wea_real_shotgun
72;wea_real_shotgun_r
71;wea_revolver5
70;wea_rifle
69;wea_rifle_alt
68;wea_rifle_nade
67;wea_roxxar_rifle
66;wea_shotgun
65;wea_shotgun_alt
64;wea_sniper
63;wea_thetoppestkek_shotgun_nxs25
62;wea_vehminigun
61;wea_pickup
60;xin_celebrate
59;xin_death
58;xin_enemy_spotted
57;xin_hit
56;hp_dead
55;hp_warn
2385;pb2_re34_fla.menu_button_50
2381;pb2_re34_fla.btn_blink_51
2375;pb2_re34_fla.main_troopscopy_46
2704;pb2_re34_fla.lobbychatm1_136
2832;pb2_re34_fla.hp_box_166
2772;pb2_re34_fla.new_active_146
2765;pb2_re34_fla.Symbol21_142
2942;pb2_re34_fla.Symbol42_188
39;pb2_re34_fla.intro_glow2_12
31;pb2_re34_fla.intro_specular_9
24;pb2_re34_fla.intro_glow_6
0;pb2_re34_fla.MainTimeline
2360;pb2_re34_fla.curr_36
2344;pb2_re34_fla.levelup_34
2319;pb2_re34_fla.Symbol89copy_21
2304;quick_pick_item
2296;camp_slot
2289;gun_rifle
2287;shop_tit
2281;buy_line
2277;mp_room_list
2271;mp_room_list2
2242;hero_list
2214;achive_item
2201;gun_apistol
2198;gun_arifle
2196;gun_arifle2
2194;altblood
2191;bar_orange
2189;bar_blue
2187;bar_red
2180;gun_bfg
2174;block
2172;door
2171;eff_blood_sprite
2167;eff_blood
2157;eff_metal
2151;boom5_revolver
2149;veh_capsule
2144;eff_cinetic
2140;veh_corvette
2135;darkstar_1_alien_rail_sg
2131;darkstar_1_assault_rifle
2125;darkstar_1_auto_sg
2090;darkstar_1_bison
2062;darkstar_1_cs_ragequit
2060;darkstar_1_gauss_rifle
2056;darkstar_1_minigun
2042;darkstar_1_nade_c9
2040;darkstar_1_nade_c9b
2037;darkstar_1_owo_rl
2034;darkstar_1_phanx_rifle
2032;darkstar_1_railgun
2030;darkstar_1_railgun2
2027;darkstar_1_rl
2025;darkstar_1_usniper
2020;decor
1915;pb2_re34_fla.Symbol72_255
1888;ag_rays
1885;ag_rays2
1880;gun_defibrillator
1875;ditzy_cs_ik
1873;ditzy_cs_ik2
1871;thetoppestkek_shotgun_nxs25
1865;ditzy_energy_rifle
1860;ditzy_focus_beam
1854;veh_drone
1849;explosion_bfg
1846;explosion_fire
1844;explosion_plasma
1841;lazer
1826;pb2_re34_fla.Symbol58copy_295
1772;eff_shieldy
1767;explosion_plasma_bar
1765;pb2_re34_fla.explosion_282
1712;explosion_underwater
1708;eff_firespark
1704;flake
1700;gun_fttp_vehgun
1695;item_grenade
1692;item_grenade_port
1690;item_grenade_shield
1689;gun_gl
1687;gun_oicw
1683;veh_hh
1680;incompetence_archetype_27xx
1675;roxxar_shotgun
1673;incompetence_cr30
1671;incompetence_glhf
1669;incompetence_glhf2
1667;gun_invisgun
1666;eff_bubble
1664;eff_iskra
1650;veh_jeep
1641;lazyrain_acid_gl
1639;lazyrain_alien_laser_rifle
1634;lazyrain_alien_laser_rifle2
1628;lazyrain_cannon
1626;lazyrain_cannon2
1621;lazyrain_gravy_rl
1619;lazyrain_gravy_rl2
1616;lazyrain_heal_pistol
1614;lazyrain_plasma_smg
1612;lazyrain_plasma_smg2
1608;lazyrain_psi_cutter
1604;lens_flare
1585;lostmydollar_av135
1577;lostmydollar_needle
1572;lostmydollar_qccv50
1565;lostmydollar_rmk36
1561;lostmydollar_rpg
1555;gun_m4a1
1549;m4a1_real
1545;gun_vehminigl
1543;gun_vehminigun
1541;moonhawk_crossfire
1536;moonhawk_phantom
1534;moonhawk_phantom2
1531;moonhawk_railgun
1529;moonhawk_railgun2
1524;moonhawk_smg
1516;mrjaksnes_android_sniper
1508;phsc_android_shotgun
1504;phsc_aug
1499;phsc_ph01
1497;phsc_ph01b
1490;phsc_plasma_shotgun
1484;gun_pistol
1481;gun_pistol2
1476;gun_pistol3
1472;gun_pistol_b
1468;gun_pixel_rifle
1464;gun_pixel_rl
1459;gun_plasmacannon
1455;gun_plasmagun
1451;player
1450;pb2_re34_fla.gui_379
709;rail
705;rail_target
701;rail2
697;rail3
694;rail4
690;rail5
685;rail6
682;gun_railgun
677;gun_railgun2
674;gun_rayrifle
670;gun_real_shotgun
667;gun_real_rifle
663;gun_rifle_b
659;gun_vehgun
653;gun_rl
649;gun_rl0
644;veh_rope
640;roxxar_android_railgun
638;roxxar_marksman_rifle
633;roxxar_pistol
629;roxxar_rifle
625;server_list_item
616;gun_sharkgun
613;gun_shotgun
610;gun_shotgun_b
606;gun_sniper
598;gun_sp_sh
596;eff_splash
593;texture_wall0
592;panel_tile
591;texture_floor0
590;panel_top
589;texture_ceil0
588;panel_bottom
587;veh_crate
581;switchh
580;switchh_blue
579;switchh_red
575;pb2_re34_fla.Symbol64_418
572;eff_teleport
558;eff_text_message
552;texture_dummy
551;texture_front0
550;thetoppestkek_scavenger_sg
546;gun_vehcannon
540;gun_vgun
532;veh_walker
513;water
510;eff_wood_debris
502;asphalt
501;pixel_bg
500;blue
499;panel4_tile
498;dark_panel_clean
497;dark_panel_clean_low
496;pixel_open_door
495;grass2
494;grass2a
493;grass2b
492;grass3
491;grass3a
490;grass3b
489;panel_top2
488;panel_top2a
487;panel_top2b
486;green
485;ground_tile
484;indrustrial_bottom_left
483;indrustrial_bottom_right
482;indrustrial_left
481;indrustrial_right
480;industrial
479;light_panel
478;light_panel_clean
477;light_panel_clean_low
476;light_panel_low
475;lite_shadow
474;mud
473;panel2_bottom
472;panel2_tile
471;panel2_top
470;panel3_tile
469;panel4_bottom
468;panel4_top
467;panel_bottom_left
466;panel_bottom_right
465;panel_top_left
464;panel_top_right
463;pbfttp_concrete
462;pbfttp_corner_left
461;pbfttp_corner_right
460;panel5_tile
459;panel6_tile
458;panel7_tile
457;red
456;rocks
455;panel8_tile
454;panel_top3
453;slider_tile
452;stone_bricks
451;usurper2_bottom
450;usurper2_ceiling
449;usurper_bottom
448;usurper_bottom_left
447;usurper_bottom_right
446;usurper_floor
445;usurper_top_left
444;usurper_top_right
443;pixel_wall
442;wet_sand
441;white
440;white_concrete
439;white_concrete_bottom_left
438;white_concrete_bottom_right
437;white_concrete_top_left
436;white_concrete_top_right
435;white_concrete_underside
434;wood_tex
433;am_base
432;am_wind
431;android2_die
430;android2_hurt
429;android2_welcome2
428;android_die
427;android_die_1
426;android_enemy_down1
425;android_hurt
424;android_miner_die
423;android_miner_enemy_down
422;android_miner_hurt
421;android_miner_welcome2
420;android_welcome
419;android_welcome1
418;android_welcome2
417;android_welcome3
416;badge_earned
415;barrel
414;barrel2
413;beam1
412;beam1_recharge
411;beam1_rechargeB
410;beam5
409;beam5_recharge
408;beam5_rechargeB
407;explode_bfg
406;sou_blade_swing1
405;sou_blade_swing2
404;sou_blade_swing3
403;blood_body
402;blood_body2
401;blood_head
400;blood_head2
399;blood_hit
398;blood_hit_sword
397;blood_leg_arm
396;body_fall
395;body0
394;body1
393;body2
392;body3
391;bounce_bullet
390;box_die
389;box_hor
388;box_ver1
387;box_ver2
386;box_ver3
385;capsule_hit1
384;capsule_hit2
383;charged_explosion
382;chat
381;civilian_male_celebrate1
380;civilian_male_celebrate2
379;civilian_male_death1
378;civilian_male_death2
377;civilian_male_dying1
376;civilian_male_dying2
375;civilian_male_hurt1
374;civilian_male_hurt2
373;civilian_male_hurt3
372;civilian_male_hurt4
371;civilian_male_welcome1
370;civilian_male_welcome2
369;civilian_male_welcome3
368;coolbuddy2
367;corvett_die
366;crossfire_sentinel_celebrate1
365;crossfire_sentinel_celebrate2
364;crossfire_sentinel_death1
363;crossfire_sentinel_death2
362;crossfire_sentinel_death3
361;crossfire_sentinel_dying
360;crossfire_sentinel_hurt1
359;crossfire_sentinel_hurt2
358;crossfire_sentinel_hurt3
357;crossfire_sentinel_welcome1
356;crossfire_sentinel_welcome2
355;crossfire_sentinel_welcome3
354;dart4
353;wea_ditzy_cs_ik
352;wea_ditzy_cs_ik2
351;drone_die
350;drone_hurt
349;enemy_alert
348;enemy_die1
347;enemy_die_1
346;enemy_die_2
345;enemy_die_3
344;enemy_die_4
343;enemy_hurt1
342;enemy_hurt_1
341;enemy_hurt_2
340;enemy_hurt_3
339;exp_event_stop
338;exp_level
337;exp_tick
336;explode1
335;explode2
334;explode_underwater
333;f_death1
332;f_death2
331;f_death3
330;f_pain2
329;f_pain3
328;f_pain4
327;f_welcome1
326;fail_shot
325;fp_death1
324;fp_death2
323;fp_death3
322;fp_pain2
321;fp_pain3
320;fp_pain4
319;fp_welcome1
318;g_death1
317;g_death2
316;g_death3
315;g_pain1
314;g_pain2
313;g_pain3
312;g_welcome1
311;glass1
310;glass2
309;gravitator2
308;grenade
307;grenade_act
306;wea_gl
305;grenade_wet
304;s_gun_rayrifle
303;helm_proxy_alert_over_hereB
302;helm_proxy_alert_take_coverB
301;helm_proxy_alert_up_thereA
300;helm_proxy_death3
299;helm_proxy_death4
298;helm_proxy_death5
297;helm_proxy_death6
296;helm_proxy_dyingC
295;helm_proxy_dyingF
294;helm_proxy_enemy_down_fantasticA
293;helm_proxy_enemy_down_got_oneD
292;helm_proxy_enemy_down_niceA
291;helm_proxy_enemy_down_niceC
290;helm_proxy_hurt11
289;helm_proxy_hurt12
288;helm_proxy_hurt13
287;helm_proxy_hurt14
286;helm_proxy_hurt15
285;helm_proxy_hurt17
284;helm_proxy_hurt4
283;helm_proxy_hurt5
282;helm_proxy_hurt8
281;helm_proxy_hurt9
280;hero_death1
279;hero_death2
278;hero_pain1
277;hero_pain2
276;hero_pain3
275;hero_pain4
274;hero_welcome1
273;hero_welcome2
272;hero_welcome3
271;hexagon_death1
270;hexagon_death2
269;hexagon_pain1
268;hexagon_pain2
267;hexagon_pain4
266;hexagon_pain3
265;hexagon_welcome1
264;hexagon_welcome2
263;hexagon_welcome3
262;hint_appear
261;hint_disappear
260;hit_dmg
259;hit_dmg2
258;hit_dmg3
257;hit_frag
256;s_info
255;s_info_act
254;s_info_off
253;gameplay_song
252;last_teleport
251;marine_alert
250;marine_alert2
249;marine_alert3
248;marine_alert4
247;marine_death1
246;marine_death2
245;marine_death3
244;marine_dying
243;marine_hurt1
242;marine_hurt2
241;marine_hurt3
240;metal_gib
239;metal_hit
238;metal_hor
237;metal_ver1
236;metal_ver2
235;metal_ver3
234;mission_done
233;wea_moonhawk_smg2
232;nade_throw
231;noir_die
230;noir_hurt1
229;noir_hurt2
228;main_song
227;plasma_explosion
226;portnade_act2
225;portnade_explode
224;proxy_alert_over_hereB
223;proxy_alert_take_coverB
222;proxy_alert_up_thereA
221;proxy_death3
220;proxy_death4
219;proxy_death5
218;proxy_death6
217;proxy_dyingC
216;proxy_dyingF
215;proxy_enemy_down_fantasticA
214;proxy_enemy_down_got_oneD
213;proxy_enemy_down_niceA
212;proxy_enemy_down_niceC
211;proxy_hurt11
210;proxy_hurt12
209;proxy_hurt13
208;proxy_hurt14
207;proxy_hurt15
206;proxy_hurt17
205;proxy_hurt4
204;proxy_hurt5
203;proxy_hurt8
202;proxy_hurt9
201;wea_railgun
200;reakhohsha_death3
199;reakhohsha_hurt1
198;reakhohsha_hurt2
197;reakhohsha_hurt3
196;reakhohsha_welcome1
195;reakhohsha_welcome2
194;rl_reload
193;robo_bug_hit
192;robo_bug_jump
191;robo_bug_launch
190;robo_step1
189;robo_step2
188;robo_step3
187;robo_step4
186;wea_rocket_launch
185;reload
184;sd_death
183;sd_hurt1
182;sd_hurt2
181;sd_welcome2
180;ship_explosion
179;ship_incoming
178;shnade_act
177;shnade_explode
176;shnade_hit
175;shnade_hit_low
174;shnade_offline
173;silenced
172;silk_alert_contactA
171;silk_alert_i_see_oneA
170;silk_alert_there_is_oneA
169;silk_death1B
168;silk_death2B
167;silk_dyingB
166;silk_enemy_down_brilliantC
165;silk_enemy_down_eliminatedB
164;silk_enemy_down_hell_yeahB
163;silk_enemy_down_ive_got_oneB
162;silk_enemy_down_minus_oneB
161;silk_enemy_down_no_kicking_for_youB
160;silk_hurt1B
159;silk_hurt2B
158;silk_hurt5
157;silk_hurt6
156;silk_hurt9B
155;slicer_alert
154;slicer_die
153;slow_down
152;slow_up
151;steel_hard
150;steel_hor
149;steel_low
148;steel_med
147;step1
146;step2
145;step3
144;step4
143;t_door1_start
142;t_door1_stop
141;t_switch1
140;t_switch2
139;t_switch_denied
138;team_switch
137;teleport_spawn
136;test_sound
135;usurpation_alert
134;usurpation_death2
133;usurpation_death3
132;usurpation_dying
131;usurpation_hurt
130;wea_vehcannon
129;vulture_celebrate1
128;vulture_celebrate2
127;vulture_celebrate3
126;vulture_death1
125;vulture_death2
124;vulture_dying
123;vulture_hurt1
122;vulture_hurt2
121;vulture_hurt3
120;vulture_hurt4
119;vulture_welcome1
118;vulture_welcome2
117;vulture_welcome3
116;walker_die
115;walker_phase1
114;walker_phase2
113;walker_step
112;water_splash1
111;water_splash2
110;water_splash3
109;wea1
108;wea2
107;wea_acid_gl3
106;wea_alien_rail_sg
105;wea_android_railgun
104;wea_android_shotgun
103;wea_android_sniper
102;wea_apistol
101;wea_auto_sg2
100;wea_bison
99;wea_crossfire2
98;wea_darkstar_rl3
97;wea_defibrillator
96;wea_ditzy_energy_rifle
95;wea_energy
94;wea_evil_shot
93;wea_glhf
92;wea_impulse
91;wea_incompetence_archetype_27xx_fire
90;wea_lazyrain_gravy_rl
89;wea_lmg
88;wea_m202
87;wea_mingun
86;wea_mingun2
85;wea_moonhawk_railgun
84;wea_plasmagun
83;wea_ph01
82;wea_phanx
81;wea_pistol
80;wea_pistol2
79;wea_plasma_shotgun
78;wea_plasma_smg
77;wea_rail_alt
76;wea_rail_alt2
75;wea_rail_toxic2
74;wea_real_rifle
73;wea_real_shotgun
72;wea_real_shotgun_r
71;wea_revolver5
70;wea_rifle
69;wea_rifle_alt
68;wea_rifle_nade
67;wea_roxxar_rifle
66;wea_shotgun
65;wea_shotgun_alt
64;wea_sniper
63;wea_thetoppestkek_shotgun_nxs25
62;wea_vehminigun
61;wea_pickup
60;xin_celebrate
59;xin_death
58;xin_enemy_spotted
57;xin_hit
56;hp_dead
55;hp_warn
2385;pb2_re34_fla.menu_button_50
2381;pb2_re34_fla.btn_blink_51
2375;pb2_re34_fla.main_troopscopy_46
2704;pb2_re34_fla.lobbychatm1_136
2832;pb2_re34_fla.hp_box_166
2772;pb2_re34_fla.new_active_146
2765;pb2_re34_fla.Symbol21_142
2942;pb2_re34_fla.Symbol42_188
