0;pb2_re34_fla.MainTimeline
1082;pb2_re34_fla.curr_16
1067;pb2_re34_fla.Symbol89copy_14
1040;fl.core.ComponentShim
1039;camp_slot
1032;gun_rifle
1028;shop_tit
1022;buy_line
1018;mp_room_list
1012;mp_room_list2
998;hero_list
982;gun_arifle
978;gun_shotgun
975;gun_railgun
967;gun_apistol
962;gun_vehgun
956;gun_rl
952;gun_gl
950;gun_vehcannon
944;eff_blood
933;eff_blood_sprite
929;texture_front0
928;texture_dummy
927;gun_pistol
923;texture_floor0
922;panel_top
921;texture_ceil0
920;panel_bottom
919;veh_jeep
910;veh_walker
898;veh_crate
892;gun_arifle2
888;rail_target
884;gun_defibrillator
879;gun_bfg
873;lazer
848;explosion_bfg
845;eff_iskra
831;gun_plasmacannon
827;eff_wood_debris
819;eff_cinetic
815;veh_drone
810;gun_vehminigun
806;gun_vehminigl
802;veh_rope
798;eff_splash
795;bar_orange
790;gun_real_shotgun
783;veh_hh
780;rail
777;gun_real_rifle
773;eff_teleport
759;explosion_underwater
756;player
502;gun_plasmagun
498;explosion_plasma
495;switchh
492;pb2_re34_fla.Symbol64_195
489;gun_railgun2
483;rail2
478;gun_pistol2
474;panel_top2
473;panel_top3
472;ground_tile
471;decor
467;pb2_re34_fla.Symbol72_204
439;ag_rays
436;ag_rays2
431;item_grenade
428;eff_metal
422;bar_blue
417;explosion_plasma_bar
415;slider_tile
414;altblood
411;bar_red
399;gun_m4a1
393;explosion_fire
390;pb2_re34_fla.explosion_162
337;lens_flare
318;water
315;gun_vgun
310;veh_corvette
305;gun_rifle_b
301;gun_shotgun_b
297;gun_pistol_b
293;item_grenade_port
291;m4a1_real
287;gun_pistol3
283;gun_sniper
272;item_grenade_shield
270;eff_text_message
264;achive_item
249;texture_wall0
248;panel_tile
247;block
245;door
244;eff_firespark
240;eff_bubble
238;veh_capsule
227;blue
226;panel_top2a
225;panel_top2b
224;green
223;lite_shadow
222;panel_bottom_left
221;panel_bottom_right
220;panel_top_left
219;panel_top_right
218;panel2_bottom
217;panel2_tile
216;panel2_top
215;panel3_tile
214;red
213;white
212;am_base
211;am_wind
210;android_die
209;android_die_1
208;android_enemy_down1
207;android_hurt
206;android_welcome
205;android_welcome1
204;android_welcome2
203;android_welcome3
202;badge_earned
201;barrel
200;barrel2
199;explode_bfg
198;sou_blade_swing1
197;sou_blade_swing2
196;sou_blade_swing3
195;blood_body
194;blood_body2
193;blood_head
192;blood_head2
191;blood_hit
190;blood_hit_sword
189;blood_leg_arm
188;body_fall
187;body0
186;body1
185;body2
184;body3
183;box_die
182;box_hor
181;box_ver1
180;box_ver2
179;box_ver3
178;capsule_hit1
177;capsule_hit2
176;chat
175;coolbuddy2
174;corvett_die
173;crash_death1
172;crash_enemy_down1
171;crash_enemy_down2
170;crash_enemy_down3
169;crash_enemy_spotted1
168;crash_enemy_spotted2
167;crash_enemy_spotted3
166;crash_hurt1
165;crash_hurt2
164;crash_hurt3
163;crash_out_of_hp
162;drone_die
161;drone_hurt
160;enemy_alert
159;enemy_die_1
158;enemy_die_2
157;enemy_die_3
156;enemy_die_4
155;enemy_die1
154;enemy_hurt_1
153;enemy_hurt_2
152;enemy_hurt_3
151;enemy_hurt1
150;explode_underwater
149;explode1
148;explode2
147;f_death1
146;f_death2
145;f_death3
144;f_pain2
143;f_pain3
142;f_pain4
141;f_welcome1
140;fail_shot
139;glass1
138;glass2
137;gravitator2
136;grenade
135;grenade_act
134;wea_gl
133;hero_death1
132;hero_death2
131;hero_pain1
130;hero_pain2
129;hero_pain3
128;hero_pain4
127;hero_welcome1
126;hero_welcome2
125;hero_welcome3
124;hint_appear
123;hint_disappear
122;s_info
121;s_info_act
120;s_info_off
119;gameplay_song
118;last_teleport
117;marine_alert
116;marine_alert2
115;marine_alert3
114;marine_alert4
113;marine_death1
112;marine_death2
111;marine_death3
110;marine_dying
109;marine_hurt1
108;marine_hurt2
107;marine_hurt3
106;metal_gib
105;metal_hit
104;metal_hor
103;metal_ver1
102;metal_ver2
101;metal_ver3
100;mission_done
99;nade_throw
98;noir_die
97;noir_hurt1
96;noir_hurt2
95;main_song
94;plasma_explosion
93;portnade_act2
92;portnade_explode
91;wea_railgun
90;rl_reload
89;robo_bug_hit
88;robo_bug_jump
87;robo_bug_launch
86;robo_step1
85;robo_step2
84;robo_step3
83;robo_step4
82;wea_rocket_launch
81;reload
80;ship_explosion
79;ship_incoming
78;slicer_alert
77;slicer_die
76;slow_down
75;slow_up
74;steel_hard
73;steel_hor
72;steel_low
71;steel_med
70;step1
69;step2
68;step3
67;step4
66;t_door1_start
65;t_door1_stop
64;t_switch_denied
63;t_switch1
62;t_switch2
61;team_switch
60;teleport_spawn
59;test_sound
58;usurpation_alert
57;usurpation_death2
56;usurpation_death3
55;usurpation_dying
54;usurpation_hurt
53;wea_vehcannon
52;walker_die
51;walker_phase1
50;walker_phase2
49;walker_step
48;water_splash1
47;water_splash2
46;water_splash3
45;wea_apistol
44;wea_defibrillator
43;wea_energy
42;wea_evil_shot
41;wea_impulse
40;wea_mingun
39;wea_mingun2
38;wea_plasmagun
37;wea_pistol
36;wea_pistol2
35;wea_rail_alt
34;wea_real_rifle
33;wea_real_shotgun
32;wea_real_shotgun_r
31;wea_rifle
30;wea_rifle_alt
29;wea_shotgun
28;wea_shotgun_alt
27;wea_sniper
26;wea_vehminigun
25;wea1
24;wea2
23;wea_pickup
22;hp_dead
21;hp_warn
1108;pb2_re34_fla.menu_button_31
1104;pb2_re34_fla.btn_blink_32
1098;pb2_re34_fla.main_troopscopy_27
1380;pb2_re34_fla.new_active_87
1373;pb2_re34_fla.Symbol21_83
1526;pb2_re34_fla.Symbol42_253
